<?xml version="1.0" encoding="UTF-8" ?>
<document>
<!--The data in this file is primarily intended for consumption by Xilinx tools.
The structure and the elements are likely to change over the next few releases.
This means code written to parse this file will need to be revisited each subsequent release.-->
<application name="impact" timeStamp="Wed Nov 10 13:23:09 2021">
<section name="Project Information" visible="false">
<property name="ProjectID" value="8e18415a9f7346efa38aa6a066986465"/>
<property name="ProjectIteration" value="1"/>
</section>
<section name="iMPACT Project Info" visible="true">
<property name="Use Project File" value="Yes"/>
<property name="Project Entry" value="ise"/>
<property name="OS Name" value="Microsoft Windows NT (64 Bit)"/>
<property name="User Lic. Info" value="__0_0_0"/>
</section>
<section name="iMPACT Boundary Scan Mode" visible="true">
<item name="Chain Summary">
<property name="Number of device" value="0"/>
<property name="Number of Xilinx device" value="0"/>
<property name="Number of Non-Xilinx device" value="0"/>
</item>
<item name="Chain Description">
</item>
<item name="Boundary Scan Operations Statistics">
</item>
<item name="Cable Summary">
<property name="Cable Type" value=""/>
<property name="Cable Speed" value="0"/>
<property name="Port" value="NULL"/>
<property name="Local_Server_Mode" value="Local"/>
</item>
</section>
<section name="iMPACT Serial PROM File Generation Mode" visible="true">
<item name="Chain Description">
<property name="Number of device" value="1"/>
<property name="Device1" value="spartan3"/>
<property name="Part1" value="xc3s400"/>
</item>
</section>
</application>
</document>
