<?xml version="1.0" encoding="UTF-8" ?>
<document>
<!--The data in this file is primarily intended for consumption by Xilinx tools.
The structure and the elements are likely to change over the next few releases.
This means code written to parse this file will need to be revisited each subsequent release.-->
<application name="impact" timeStamp="Sat Oct 16 02:20:08 2021">
<section name="Project Information" visible="false">
<property name="ProjectID" value="203a8d8de55747e98dba7bd7c3def69b"/>
<property name="ProjectIteration" value="1"/>
</section>
<section name="iMPACT Project Info" visible="true">
<property name="Use Project File" value="Yes"/>
<property name="Project Entry" value="ise"/>
<property name="OS Name" value="Microsoft Windows NT (64 Bit)"/>
<property name="User Lic. Info" value="__0_0_0"/>
</section>
<section name="iMPACT Serial PROM File Generation Mode" visible="true">
<item name="Chain Description">
<property name="Number of device" value="1"/>
<property name="Device1" value="spartan3"/>
<property name="Part1" value="xc3s400"/>
</item>
</section>
</application>
</document>
